Name_lang,ID,MapID,DifficultyID,OrderIndex,CompleteWorldStateID,Bit,Flags,SpellIconFileID,Faction
High Interrogator Gerstahn,227,230,1,0,4625,0,4,0,-1
Lord Roccor,228,230,1,1000,4626,1,4,0,-1
Houndmaster Grebmar,229,230,1,2000,4627,2,4,0,-1
Ring of Law,230,230,1,3000,4628,3,4,0,-1
Pyromancer Loregrain,231,230,1,4000,4629,4,4,0,-1
Lord Incendius,232,230,1,5000,4630,5,4,0,-1
Warder Stilgiss,233,230,1,6000,4633,6,4,0,-1
Fineous Darkvire,234,230,1,7000,4634,7,4,0,-1
Bael'Gar,235,230,1,8000,4635,8,4,0,-1
General Angerforge,236,230,1,9000,4636,9,4,0,-1
Golem Lord Argelmach,237,230,1,10000,4637,10,4,0,-1
Hurley Blackbreath,238,230,1,11000,4638,11,4,0,-1
Phalanx,239,230,1,12000,4639,12,4,0,-1
Ribbly Screwspigot,240,230,1,13000,4640,13,4,0,-1
Plugger Spazzring,241,230,1,14000,4641,14,4,0,-1
Ambassador Flamelash,242,230,1,15000,4642,15,4,0,-1
The Seven,243,230,1,16000,4643,16,4,0,-1
Magmus,244,230,1,17000,4644,17,4,0,-1
Emperor Dagran Thaurissan,245,230,1,18000,4645,18,4,0,-1
Yor,250,557,2,1500,4607,3,4,0,-1
Highlord Omokk,267,229,1,0,4646,0,4,0,-1
Shadow Hunter Vosh'gajin,268,229,1,1000,4647,1,4,0,-1
War Master Voone,269,229,1,2000,4648,2,4,0,-1
Mother Smolderweb,270,229,1,3000,4649,3,4,0,-1
Urok Doomhowl,271,229,1,4000,4650,4,4,0,-1
Quartermaster Zigris,272,229,1,5000,4651,5,4,0,-1
Gizrul the Slavener,273,229,1,6000,4652,6,4,0,-1
Halycon,274,229,1,5500,4653,7,4,0,-1
Overlord Wyrmthalak,275,229,1,8000,4654,8,4,0,-1
Zevrim Thornhoof,343,429,1,0,4669,0,4,0,-1
Hydrospawn,344,429,1,1000,4670,1,4,0,-1
Lethtendris,345,429,1,2000,4671,2,4,0,-1
Alzzin the Wildshaper,346,429,1,3000,4672,3,4,0,-1
Illyanna Ravenoak,347,429,1,4000,4676,4,4,0,-1
Magister Kalendris,348,429,1,5000,4675,5,4,0,-1
Immol'thar,349,429,1,6000,4676,6,4,0,-1
Tendris Warpwood,350,429,1,3500,4673,7,4,0,-1
Prince Tortheldrin,361,429,1,7000,4677,8,4,0,-1
Guard Mol'dar,362,429,1,8000,4678,9,4,0,-1
Stomper Kreeg,363,429,1,9000,4679,10,4,0,-1
Guard Fengus,364,429,1,10000,4680,11,4,0,-1
Guard Slip'kik,365,429,1,11000,4681,12,4,0,-1
Captain Kromcrush,366,429,1,12000,4682,13,4,0,-1
Cho'Rush the Observer,367,429,1,13000,4683,14,4,0,-1
King Gordok,368,429,1,14000,1544,15,4,0,-1
Viscous Fallout,378,90,1,2500,4693,1,4,0,-1
Grubbis,379,90,1,2000,4694,2,4,0,-1
Electrocutioner 6000,380,90,1,3000,4695,3,4,0,-1
Crowd Pummeler 9-60,381,90,1,4000,4696,4,4,0,-1
Mekgineer Thermaplugg,382,90,1,5000,4697,5,4,0,-1
Noxxion,422,349,1,0,4703,0,4,0,-1
Razorlash,423,349,1,1000,4704,1,4,0,-1
Lord Vyletongue,424,349,1,2000,4705,2,4,0,-1
Celebras the Cursed,425,349,1,3000,4706,3,4,0,-1
Landslide,426,349,1,4000,4707,4,4,0,-1
Tinkerer Gizlock,427,349,1,1500,4708,5,4,0,-1
Rotgrip,428,349,1,6000,4709,6,4,0,-1
Princess Theradras,429,349,1,7000,4710,7,4,0,-1
Roogug,438,47,1,375,8591,0,0,0,-1
Interrogator Vishas,444,189,1,0,24615,0,0,0,-1
Houndmaster Loksey,446,189,1,2000,24617,2,0,0,-1
Arcanist Doan,447,189,1,3000,24618,3,0,0,-1
Herod,448,189,1,4000,24619,4,0,0,-1
High Inquisitor Fairbanks,449,189,1,5000,24620,5,0,0,-1
High Inquisitor Whitemane,450,189,1,6000,24621,6,0,0,-1
Kirtonos the Herald,451,289,1,0,4573,0,0,0,-1
Jandice Barov,452,289,1,1000,4574,1,0,0,-1
Rattlegore,453,289,1,2000,4575,2,0,0,-1
Marduk Blackpool,454,289,1,3000,4576,3,0,0,-1
Vectus,455,289,1,4000,4577,4,0,0,-1
Ras Frostwhisper,456,289,1,5000,4578,5,0,0,-1
Instructor Malicia,457,289,1,6000,4588,6,0,0,-1
Doctor Theolen Krastinov,458,289,1,7000,4589,7,0,0,-1
Lorekeeper Polkelt,459,289,1,8000,4590,8,0,0,-1
The Ravenian,460,289,1,9000,4591,9,0,0,-1
Lord Alexei Barov,461,289,1,10000,4592,10,0,0,-1
Lady Illucia Barov,462,289,1,11000,4593,11,0,0,-1
Darkmaster Gandling,463,289,1,12000,4594,12,0,0,-1
The Unforgiven,472,329,1,6500,4719,0,4,0,-1
Hearthsinger Forresten,473,329,1,1000,4720,1,4,0,-1
Timmy the Cruel,474,329,1,2000,4721,2,4,0,-1
Willey Hopebreaker,475,329,1,3000,4723,3,4,0,-1
Commander Malor,476,329,1,2500,4722,4,4,0,-1
Instructor Galford,477,329,1,5000,4724,5,4,0,-1
Balnazzar,478,329,1,6000,4725,6,4,0,-1
Baroness Anastari,479,329,1,7000,4726,7,4,0,-1
Nerub'enkan,480,329,1,8000,4727,8,4,0,-1
Maleki the Pallid,481,329,1,9000,4728,9,4,0,-1
Magistrate Barthilas,482,329,1,10000,4729,10,4,0,-1
Ramstein the Gorger,483,329,1,11000,4730,11,4,0,-1
Lord Aurius Rivendare,484,329,1,12000,4731,12,4,0,-1
Dreamscythe,486,109,1,1000,4734,1,4,0,-1
Weaver,487,109,1,2000,4735,2,4,0,-1
Jammal'an the Prophet,488,109,1,500,121,3,4,0,-1
Morphaz,490,109,1,5000,4737,5,4,0,-1
Hazzas,491,109,1,6000,4738,6,4,0,-1
Avatar of Hakkar,492,109,1,-500,4739,7,4,0,-1
Shade of Eranikus,493,109,1,8000,4740,8,4,0,-1
Frozen Commander,519,576,2,0,3685,0,0,0,-1
Grand Magus Telestra,520,576,1,0,3691,1,4,0,-1
Grand Magus Telestra,521,576,2,1000,3691,1,0,0,-1
Anomalus,522,576,1,1000,3692,2,0,0,-1
Anomalus,523,576,2,2000,3692,2,0,0,-1
Ormorok the Tree-Shaper,524,576,1,2000,3693,3,0,0,-1
Ormorok the Tree-Shaper,525,576,2,3000,3693,3,0,0,-1
Keristrasza,526,576,1,3000,3694,4,0,0,-1
Keristrasza,527,576,2,4000,3694,4,0,0,-1
Drakos the Interrogator,528,578,1,0,3869,0,0,0,-1
Drakos the Interrogator,529,578,2,1000,3869,0,0,0,-1
Varos Cloudstrider,530,578,1,1000,3871,1,0,0,-1
Varos Cloudstrider,531,578,2,2000,3871,1,0,0,-1
Mage-Lord Urom,532,578,1,2000,3872,2,0,0,-1
Mage-Lord Urom,533,578,2,3000,3872,2,0,0,-1
Ley-Guardian Eregos,534,578,1,3000,3873,3,0,0,-1
Ley-Guardian Eregos,535,578,2,4000,3873,3,0,0,-1
Revelosh,547,70,1,0,4758,0,4,0,-1
The Lost Dwarves,548,70,1,1000,4761,1,4,0,-1
Ironaya,549,70,1,2000,4762,2,4,0,-1
Ancient Stone Keeper,551,70,1,4000,4764,4,4,0,-1
Galgann Firehammer,552,70,1,5000,4765,5,4,0,-1
Grimlok,553,70,1,6000,4766,6,4,0,-1
Archaedas,554,70,1,7000,4767,7,4,0,-1
Lady Anacondra,585,43,1,0,4776,0,4,0,-1
Lord Cobrahn,586,43,1,1000,4777,1,4,0,-1
Kresh,587,43,1,2000,4778,2,4,0,-1
Lord Pythas,588,43,1,3000,4779,3,4,0,-1
Skum,589,43,1,4000,4780,4,4,0,-1
Lord Serpentis,590,43,1,5000,4781,5,4,0,-1
Verdan the Everliving,591,43,1,6000,4782,6,4,0,-1
Mutanus the Devourer,592,43,1,7000,4783,7,4,0,-1
Hydromancer Velratha,593,209,1,0,4784,0,4,0,-1
Ghaz'rilla,594,209,1,1000,4785,1,4,0,-1
Antu'sul,595,209,1,2000,4786,2,4,0,-1
Theka the Martyr,596,209,1,3000,4787,3,4,0,-1
Witch Doctor Zum'rah,597,209,1,4000,4788,4,4,0,-1
Nekrum Gutchewer,598,209,1,5000,4789,5,4,0,-1
Shadowpriest Sezz'ziz,599,209,1,6000,4790,6,4,0,-1
Chief Ukorz Sandscalp,600,209,1,7000,4791,7,4,0,-1
High Warlord Naj'entus,601,564,0,0,3013,0,6,0,-1
Supremus,602,564,0,1000,3012,1,6,0,-1
Shade of Akama,603,564,0,2000,3058,2,6,0,-1
Teron Gorefiend,604,564,0,3000,4792,3,6,0,-1
Gurtogg Bloodboil,605,564,0,4000,3014,4,6,0,-1
Reliquary of Souls,606,564,0,5000,4793,5,6,0,-1
Mother Shahraz,607,564,0,6000,12150,6,6,0,-1
The Illidari Council,608,564,0,7000,3030,7,6,0,-1
Illidan Stormrage,609,564,0,8000,4794,8,7,0,-1
Razorgore the Untamed,610,469,0,0,4795,0,6,0,-1
Vaelastrasz the Corrupt,611,469,0,1000,4796,1,6,0,-1
Broodlord Lashlayer,612,469,0,2000,4797,2,6,0,-1
Firemaw,613,469,0,3000,4798,3,6,0,-1
Ebonroc,614,469,0,4000,4799,4,6,0,-1
Flamegor,615,469,0,5000,4800,5,6,0,-1
Chromaggus,616,469,0,6000,4801,6,6,0,-1
Nefarian,617,469,0,7000,1641,7,7,0,-1
Rage Winterchill,618,534,0,0,2519,0,6,0,-1
Anetheron,619,534,0,1000,2464,1,6,0,-1
Kaz'rogal,620,534,0,2000,2523,2,6,0,-1
Azgalor,621,534,0,3000,2487,3,6,0,-1
Archimonde,622,534,0,4000,2530,4,7,0,-1
Hydross the Unstable,623,548,0,0,2853,0,6,0,-1
The Lurker Below,624,548,0,1000,2855,1,6,0,-1
Leotheras the Blind,625,548,0,2000,2857,2,6,0,-1
Fathom-Lord Karathress,626,548,0,3000,2856,3,6,0,-1
Morogrim Tidewalker,627,548,0,4000,2854,4,6,0,-1
Lady Vashj,628,548,0,5000,4802,5,7,0,-1
High King Maulgar,649,565,0,0,2778,0,2,0,-1
Gruul the Dragonkiller,650,565,0,1000,4804,1,3,0,-1
Magtheridon,651,544,0,0,4805,0,7,0,-1
Attumen the Huntsman,652,532,0,0,2315,0,4,0,-1
Moroes,653,532,0,1000,2309,1,4,0,-1
Maiden of Virtue,654,532,0,2000,4806,2,4,0,-1
Opera Hall,655,532,0,3000,2381,3,4,0,-1
The Curator,656,532,0,4000,2501,4,4,0,-1
Terestian Illhoof,657,532,0,5000,2336,5,4,0,-1
Shade of Aran,658,532,0,6000,2910,6,4,0,-1
Netherspite,659,532,0,7000,2865,7,4,0,-1
Chess Event,660,532,0,8000,2517,8,4,0,-1
Prince Malchezaar,661,532,0,9000,4807,9,4,0,-1
Nightbane,662,532,0,10000,4808,10,4,0,-1
Lucifron,663,409,0,0,4809,0,6,0,-1
Magmadar,664,409,0,1000,847,1,6,0,-1
Gehennas,665,409,0,2000,848,2,6,0,-1
Garr,666,409,0,3000,846,3,6,0,-1
Shazzrah,667,409,0,4000,850,4,6,0,-1
Baron Geddon,668,409,0,5000,845,5,6,0,-1
Sulfuron Harbinger,669,409,0,6000,761,6,6,0,-1
Golemagg the Incinerator,670,409,0,7000,741,7,6,0,-1
Majordomo Executus,671,409,0,8000,1502,8,6,0,-1
Ragnaros,672,409,0,9000,1666,9,7,0,-1
The Prophet Skeram,709,531,0,0,4821,0,6,0,-1
Silithid Royalty,710,531,0,1000,4822,1,6,0,-1
Battleguard Sartura,711,531,0,2000,4823,2,6,0,-1
Fankriss the Unyielding,712,531,0,3000,4824,3,6,0,-1
Viscidus,713,531,0,4000,4825,4,6,0,-1
Princess Huhuran,714,531,0,5000,4826,5,6,0,-1
Twin Emperors,715,531,0,6000,4827,6,6,0,-1
Ouro,716,531,0,7000,2296,7,6,0,-1
C'Thun,717,531,0,8000,4828,8,7,0,-1
Kurinnaxx,718,509,0,0,4811,0,6,0,-1
General Rajaxx,719,509,0,1000,2174,1,6,0,-1
Moam,720,509,0,2000,4812,2,6,0,-1
Buru the Gorger,721,509,0,3000,4813,3,6,0,-1
Ayamiss the Hunter,722,509,0,4000,4814,4,6,0,-1
Ossirian the Unscarred,723,509,0,5000,4815,5,7,0,-1
Kalecgos,724,580,0,0,3434,0,6,0,-1
Brutallus,725,580,0,1000,3336,1,6,0,-1
Felmyst,726,580,0,2000,3337,2,6,0,-1
Eredar Twins,727,580,0,3000,3435,3,6,0,-1
M'uru,728,580,0,4000,3423,4,6,0,-1
Kil'jaeden,729,580,0,5000,4816,5,7,0,-1
Al'ar,730,550,0,0,4817,0,6,0,-1
Void Reaver,731,550,0,1000,4818,1,6,0,-1
High Astromancer Solarian,732,550,0,2000,4819,2,6,0,-1
Kael'thas Sunstrider,733,550,0,3000,4820,3,7,0,-1
High Priest Venoxis,784,309,1,0,1967,0,0,0,-1
High Priestess Jeklik,785,309,1,-1000,1968,1,0,0,-1
High Priestess Mar'li,786,309,1,2000,1969,2,0,0,-1
Bloodlord Mandokir,787,309,1,3000,4839,3,0,0,-1
Edge of Madness,788,309,1,4000,4850,4,0,0,-1
High Priest Thekal,789,309,1,5000,1970,5,0,0,-1
Gahz'ranka,790,309,1,6000,4840,6,0,0,-1
High Priestess Arlokk,791,309,1,7000,1971,7,0,0,-1
Jin'do the Hexxer,792,309,1,8000,4841,8,0,0,-1
Hakkar,793,309,1,9000,4844,9,0,0,-1
Atramedes,1022,669,0,0,5182,0,6,0,-1
Chimaeron,1023,669,0,1000,5318,1,6,0,-1
Magmaw,1024,669,0,-500,5301,2,14,0,-1
Maloriak,1025,669,0,3000,5315,3,6,0,-1
Nefarian's End,1026,669,0,4000,5203,4,7,0,-1
Omnotron Defense System,1027,669,0,-1000,5303,5,6,0,-1
Ascendant Council,1028,671,0,2000,5339,0,10,0,-1
Cho'gall,1029,671,0,2500,5494,1,11,0,-1
Halfus Wyrmbreaker,1030,671,0,-1000,5380,2,10,0,-1
Theralion and Valiona,1032,671,0,1500,5517,4,10,0,-1
Argaloth,1033,757,0,0,5575,0,14,0,-1
Al'Akir,1034,754,0,0,5565,0,11,0,-1
Conclave of Wind,1035,754,0,-1000,5563,1,6,0,-1
Ascendant Lord Obsidius,1036,645,0,0,5131,0,4,0,-1
Beauty,1037,645,0,-1000,5129,1,4,0,-1
"Corla, Herald of Twilight",1038,645,0,-2000,5112,2,4,0,-1
Karsh Steelbender,1039,645,0,-1500,5119,3,4,0,-1
Rom'ogg Bonecrusher,1040,645,0,-3000,5127,4,4,0,-1
Altairus,1041,657,0,0,5497,0,4,0,-1
Asaad,1042,657,0,1000,5496,1,4,0,-1
Grand Vizier Ertan,1043,657,0,-1000,5500,2,4,0,-1
Commander Ulthok,1044,643,0,0,5325,0,4,0,-1
Lady Naz'jar,1045,643,0,-1000,5125,1,4,0,-1
Mindbender Ghur'sha,1046,643,0,1000,5326,2,4,0,-1
Ozumat,1047,643,0,2000,5557,3,4,0,-1
Drahga Shadowburner,1048,670,0,0,5098,0,4,0,-1
Erudax,1049,670,0,1000,5175,1,4,0,-1
Forgemaster Throngus,1050,670,0,-1000,5077,2,4,0,-1
General Umbriss,1051,670,0,-2000,5065,3,4,0,-1
General Husam,1052,755,0,0,5389,0,4,0,-1
High Prophet Barim,1053,755,0,1000,5382,1,4,0,-1
Lockmaw,1054,755,0,2000,5562,2,4,0,-1
Siamat,1055,755,0,3000,5476,3,4,0,-1
Corborus,1056,725,0,0,5569,0,4,0,-1
High Priestess Azil,1057,725,0,1000,5572,1,4,0,-1
Ozruk,1058,725,0,500,5571,2,4,0,-1
Slabhide,1059,725,0,250,5570,3,4,0,-1
"""Captain"" Cookie",1060,36,0,0,5556,0,4,0,-1
Admiral Ripsnarl,1062,36,0,-1000,5555,1,4,0,-1
Foe Reaper 5000,1063,36,0,-2000,5554,2,4,0,-1
Glubtok,1064,36,0,-3000,5538,3,4,0,-1
Helix Gearbreaker,1065,36,0,-2500,5549,4,4,0,-1
Baron Ashbury,1069,33,0,0,5551,0,4,0,-1
Baron Silverlaine,1070,33,0,1000,4597,1,4,0,-1
Commander Springvale,1071,33,0,2000,4598,2,4,0,-1
Lord Godfrey,1072,33,0,3000,5553,3,4,0,-1
Lord Walden,1073,33,0,2500,5552,4,4,0,-1
Ammunae,1074,644,0,0,5166,0,4,0,-1
Anraphet,1075,644,0,-1000,5107,1,4,0,-1
Earthrager Ptah,1076,644,0,-2000,5165,2,4,0,-1
Isiset,1077,644,0,-500,5002,3,4,0,-1
Rajh,1078,644,0,1000,5168,4,4,0,-1
Setesh,1079,644,0,500,5167,5,4,0,-1
Temple Guardian Anhuur,1080,644,0,-3000,4985,6,4,0,-1
Vanessa VanCleef,1081,36,2,1000,5613,5,4,0,-1
Sinestra,1082,671,5,3500,5523,3,11,0,-1
Sinestra,1083,671,6,3500,5523,3,11,0,-1
Onyxia,1084,249,0,0,4810,0,7,0,-1
Anub'arak,1085,649,0,5000,4241,0,11,0,-1
Faction Champions,1086,649,0,3000,4803,1,10,0,-1
Lord Jaraxxus,1087,649,0,2000,4272,2,10,0,-1
Northrend Beasts,1088,649,0,0,4370,3,10,0,-1
Val'kyr Twins,1089,649,0,4000,4334,4,10,0,-1
Sartharion,1090,615,0,4000,4833,0,7,0,-1
Shadron,1091,615,0,3000,4831,1,4,0,-1
Tenebron,1092,615,0,2000,4830,2,4,0,-1
Vesperon,1093,615,0,0,4832,3,4,0,-1
Malygos,1094,616,0,0,4829,0,2,0,-1
Blood Council,1095,631,0,7000,4733,0,10,0,-1
Deathbringer Saurfang,1096,631,0,3000,4519,1,2,0,-1
Festergut,1097,631,0,5000,4870,2,10,0,-1
Valithria Dreamwalker,1098,631,0,10000,4855,3,6,0,-1
Icecrown Gunship Battle,1099,631,0,2000,4492,4,10,0,-1
Lady Deathwhisper,1100,631,0,1000,4869,5,10,0,-1
Lord Marrowgar,1101,631,0,0,4471,6,10,0,-1
Professor Putricide,1102,631,0,6000,4871,7,10,0,-1
Queen Lana'thel,1103,631,0,9000,4868,8,10,0,-1
Rotface,1104,631,0,4000,4435,9,10,0,-1
Sindragosa,1105,631,0,12000,4842,10,10,0,-1
The Lich King,1106,631,0,14000,4910,11,7,0,-1
Anub'Rekhan,1107,533,0,0,2255,0,14,0,-1
Gluth,1108,533,0,1000,2242,1,14,0,-1
Gothik the Harvester,1109,533,0,500,2238,2,14,0,-1
Grand Widow Faerlina,1110,533,0,250,2256,3,14,0,-1
Grobbulus,1111,533,0,750,2247,4,14,0,-1
Heigan the Unclean,1112,533,0,375,2258,5,14,0,-1
Instructor Razuvious,1113,533,0,437,2307,6,14,0,-1
Kel'Thuzad,1114,533,0,2000,2269,7,7,0,-1
Loatheb,1115,533,0,406,2245,8,14,0,-1
Maexxna,1116,533,0,312,2253,9,14,0,-1
Noth the Plaguebringer,1117,533,0,343,2257,10,14,0,-1
Patchwerk,1118,533,0,625,2244,11,14,0,-1
Sapphiron,1119,533,0,1500,2268,12,14,0,-1
Thaddius,1120,533,0,1250,2243,13,14,0,-1
The Four Horsemen,1121,533,0,562,4012,14,6,0,-1
Archavon the Stone Watcher,1126,624,0,0,4836,0,10,0,-1
Emalon the Storm Watcher,1127,624,0,1000,4837,1,10,0,-1
Koralon the Flame Watcher,1128,624,0,2000,4838,2,10,0,-1
Toravon the Ice Watcher,1129,624,0,3000,4895,3,10,0,-1
Algalon the Observer,1130,603,0,0,4093,0,66,0,-1
Auriaya,1131,603,0,-1000,4140,1,6,0,-1
Flame Leviathan,1132,603,0,-2000,4114,2,6,0,-1
Freya,1133,603,0,-500,4059,3,6,0,-1
General Vezax,1134,603,0,-250,4067,4,6,0,-1
Hodir,1135,603,0,-750,4050,5,6,0,-1
Ignis the Furnace Master,1136,603,0,-1500,4834,6,6,0,-1
Kologarn,1137,603,0,-1250,4089,7,6,0,-1
Mimiron,1138,603,0,-375,4060,8,6,0,-1
Razorscale,1139,603,0,-1375,4835,9,6,0,-1
The Assembly of Iron,1140,603,0,-1312,4091,10,6,0,-1
Thorim,1141,603,0,-625,4057,11,6,0,-1
XT-002 Deconstructor,1142,603,0,-1343,4138,12,6,0,-1
Yogg-Saron,1143,603,0,-125,4121,13,7,0,-1
Hogger,1144,34,1,1000,5509,3,4,0,-1
Lord Overheat,1145,34,1,2000,5510,4,4,0,-1
Randolph Moloch,1146,34,1,3000,5511,5,4,0,-1
Baltharus the Warborn,1147,724,0,0,5031,0,4,0,-1
General Zarithrian,1148,724,0,1000,5033,1,4,0,-1
Saviana Ragefire,1149,724,0,500,5032,2,4,0,-1
Halion,1150,724,0,2000,5048,3,6,0,-1
Elder Brightleaf,1164,603,0,-562,5630,14,0,0,-1
Elder Ironbranch,1165,603,0,-531,5631,15,0,0,-1
Elder Stonebark,1166,603,0,-515,5632,16,0,0,-1
High Priest Venoxis,1178,859,0,0,5779,0,12,0,-1
Bloodlord Mandokir,1179,859,0,1000,5810,1,12,0,-1
High Priestess Kilnara,1180,859,0,2000,5780,2,4,0,-1
Zanzil,1181,859,0,3000,5769,3,12,0,-1
Jin'do the Godbreaker,1182,859,0,4000,5778,4,4,0,-1
Majordomo Staghelm,1185,720,0,0,5827,0,14,0,-1
Cache of Madness,1188,859,0,1500,5824,5,4,0,-1
Akil'zon,1189,568,0,0,3122,0,12,0,-1
Nalorakk,1190,568,0,1000,3077,1,12,0,-1
Jan'alai,1191,568,0,2000,3153,2,12,0,-1
Halazzi,1192,568,0,3000,3152,3,12,0,-1
Hex Lord Malacrass,1193,568,0,4000,3146,4,12,0,-1
Daakara,1194,568,0,5000,3148,5,12,0,-1
Beth'tilac,1197,720,0,-4000,5882,1,14,0,-1
Baleroc,1200,720,0,-1000,5898,2,14,0,-1
Ragnaros,1203,720,0,2000,5911,3,15,0,-1
Lord Rhyolith,1204,720,0,-3000,5872,4,6,0,-1
Shannox,1205,720,0,-2375,5919,5,14,0,-1
Alysrazor,1206,720,0,-1750,5942,6,14,0,-1
Occu'thar,1250,757,0,1000,5821,1,14,0,-1
Murozond,1271,938,0,8000,6048,4,4,0,-1
Peroth'arn,1272,939,0,0,6067,0,4,0,-1
Queen Azshara,1273,939,0,1000,6038,1,4,0,-1
Mannoroth,1274,939,0,2000,6055,2,4,0,-1
Spine of Deathwing,1291,967,0,0,6097,0,6,0,-1
Morchok,1292,967,0,-1000,6082,1,2,0,-1
Warlord Zon'ozz,1294,967,0,-500,6084,2,2,0,-1
Yor'sahj the Unsleeping,1295,967,0,-250,6102,3,2,0,-1
Hagara,1296,967,0,-125,6106,4,2,0,-1
Ultraxion,1297,967,0,-62,6128,5,2,0,-1
Warmaster Blackhorn,1298,967,0,-31,6134,6,2,0,-1
Madness of Deathwing,1299,967,0,1000,6142,7,7,0,-1
Gu Cloudstrike,1303,959,0,0,6585,0,0,0,-1
Master Snowdrift,1304,959,0,1000,6117,1,0,0,-1
Sha of Violence,1305,959,0,2000,6138,2,0,0,-1
Taran Zhu,1306,959,0,3000,6151,3,0,0,-1
Alizabal,1332,757,0,2000,6158,2,14,0,-1
Arcurion,1337,940,0,0,6161,0,4,0,-1
Archbishop Benedictus,1339,940,0,1000,6088,1,4,0,-1
Asira Dawnslayer,1340,940,0,500,6062,2,4,0,-1
Omar the Test Dragon,1348,598,1,0,6215,0,0,0,-1
Feng the Accursed,1390,1008,0,0,6428,0,6,306868,-1
The Stone Guard,1395,1008,0,-1000,6431,1,6,0,-1
Saboteur Kip'tilak,1397,962,0,0,6153,0,4,0,-1
Striker Ga'dok,1405,962,0,1000,6465,1,0,0,-1
Commander Ri'mok,1406,962,0,2000,6466,2,0,0,-1
Will of the Emperor,1407,1008,0,3000,6470,2,7,0,-1
Protectors of the Endless,1409,996,0,0,6473,0,6,0,-1
Ook-Ook,1412,961,0,0,6143,0,4,0,-1
Hoptallus,1413,961,0,1000,6375,1,4,0,-1
Yan-Zhu the Uncasked,1414,961,0,2000,6378,2,4,0,-1
Liu Flameheart,1416,960,0,1000,6141,1,4,0,-1
Lorewalker Stonestep,1417,960,0,0,6295,2,4,0,-1
Wise Mari,1418,960,0,-1000,6400,3,4,0,-1
Raigonn,1419,962,0,3000,6293,3,0,0,-1
Flameweaver Koegler,1420,1001,0,0,6330,0,4,0,-1
Armsmaster Harlan,1421,1001,0,-500,6542,1,4,0,-1
Houndmaster Braun,1422,1001,0,-1000,6521,2,4,0,-1
Thalnos the Soulrender,1423,1004,0,1000,4568,0,4,0,-1
Brother Korloff,1424,1004,0,2000,6444,1,4,0,-1
High Inquisitor Whitemane,1425,1004,0,3000,6450,2,4,0,-1
Instructor Chillheart,1426,1007,0,0,6321,0,0,0,-1
Jandice Barov,1427,1007,0,1000,6331,1,0,0,-1
Rattlegore,1428,1007,0,2000,6335,2,0,0,-1
Lilian Voss,1429,1007,0,3000,6334,3,0,0,-1
Darkmaster Gandling,1430,1007,0,4000,6319,4,0,0,-1
Sha of Fear,1431,996,0,1000,6525,1,7,0,-1
Gara'jal the Spiritbinder,1434,1008,0,500,6463,3,6,0,-1
The Spirit Kings,1436,1008,0,2000,6529,4,6,0,-1
Sha of Doubt,1439,960,0,3000,6125,0,4,0,-1
Xin the Weaponmaster,1441,994,0,1000,6579,1,0,0,-1
Trial of the King,1442,994,0,-1000,6586,2,4,0,-1
Adarogg,1443,389,0,0,6580,0,4,0,-1
Dark Shaman Koranthal,1444,389,0,1000,6583,1,4,0,-1
Slagmaw,1445,389,0,2000,6589,2,4,0,-1
Lava Guard Gordoth,1446,389,0,3000,6592,3,4,0,-1
General Pa'valak,1447,1011,0,1500,6594,0,0,0,-1
Garalon,1463,1009,0,-1250,6649,0,6,0,-1
Wing Leader Ner'onok,1464,1011,0,2500,6658,1,0,0,-1
Vizier Jin'bak,1465,1011,0,0,6625,2,0,0,-1
Wind Lord Mel'jarak,1498,1009,0,-1000,6677,1,6,0,-1
Amber-Shaper Un'sok,1499,1009,0,1000,6700,2,7,0,-1
Elegon,1500,1008,0,2500,6786,5,6,368365,-1
Grand Empress Shek'zeer,1501,1009,0,2000,6729,3,7,237143,-1
Commander Vo'jak,1502,1011,0,1250,6735,3,0,0,-1
Blade Lord Ta'yak,1504,1009,0,-1500,6944,5,6,0,-1
Tsulong,1505,996,0,500,6747,2,6,0,-1
Lei Shi,1506,996,0,750,6738,3,6,0,-1
Imperial Vizier Zor'lok,1507,1009,0,-2500,6741,6,6,0,-1
Iron Qon,1559,1098,0,0,7329,0,7,646675,-1
Twin Empyreans,1560,1098,0,1000,7502,1,7,133886,-1
Galleon,1563,870,0,0,0,0,8,0,-1
Sha of Anger,1564,870,0,1000,0,1,8,0,-1
Tortos,1565,1098,0,-1000,7507,2,6,0,-1
Council of Elders,1570,1098,0,-1500,7543,3,6,0,-1
Nalak,1571,870,0,2000,0,2,8,0,-1
Durumu the Forgotten,1572,1098,0,-250,7563,4,6,0,-1
Ji-Kun,1573,1098,0,-500,7565,5,6,0,-1
Primordius,1574,1098,0,-125,7571,6,6,0,-1
Horridon,1575,1098,0,-2000,7570,7,6,0,-1
Dark Animus,1576,1098,0,-62,7582,8,6,0,-1
Jin'rokh the Breaker,1577,1098,0,-3000,7575,9,6,0,-1
Megaera,1578,1098,0,-750,7577,10,6,0,-1
Lei Shen,1579,1098,0,2000,7603,11,6,0,-1
Ra-den,1580,1098,5,3000,7605,12,38,0,-1
Ra-den,1581,1098,6,3000,7605,12,38,0,-1
Oondasta,1587,870,0,3000,0,3,8,0,-1
Paragons of the Klaxxi,1593,1136,0,3500,8109,0,6,897697,-1
Spoils of Pandaria,1594,1136,0,1500,8202,1,6,897406,-1
Malkorok,1595,1136,0,1000,8225,2,6,897029,-1
Fallen Protectors,1598,1136,0,-2000,8253,3,6,897027,-1
Thok the Bloodthirsty,1599,1136,0,2000,8258,4,6,896625,-1
Iron Juggernaut,1600,1136,0,-1500,8260,5,6,896624,-1
Siegecrafter Blackfuse,1601,1136,0,3000,8236,6,6,897633,-1
Immerseus,1602,1136,0,-3000,8268,7,6,896623,-1
General Nazgrim,1603,1136,0,-1250,8272,8,6,897144,-1
Sha of Pride,1604,1136,0,-1750,8276,9,6,651086,-1
Omar's Test Encounter (Cosmetic only) DNT,1605,1136,0,4000,6215,10,16,0,-1
Kor'kron Dark Shaman,1606,1136,0,-1375,8285,11,6,897028,-1
Galakras,1622,1136,0,-1625,8415,12,6,896665,-1
Garrosh Hellscream,1623,1136,0,3750,8356,13,6,896622,-1
Norushen,1624,1136,0,-1875,8299,14,6,897064,-1
Roltall,1652,1175,0,0,8565,0,4,0,-1
Slave Watcher Crushto,1653,1175,0,-1000,8563,1,4,0,-1
Gug'rokk,1654,1175,0,1000,8566,2,4,0,-1
Magmolatus,1655,1175,0,-2000,8586,3,4,0,-1
Hunter Bonetusk,1656,47,1,250,8592,6,0,0,-1
Warlord Ramtusk,1659,47,1,500,8595,7,0,0,-1
"Groyat, the Blind Hunter",1660,47,1,625,8620,8,0,0,-1
Charlga Razorflank,1661,47,1,687,8597,9,0,0,-1
Aaurx,1662,129,1,4000,8622,4,0,0,-1
Mordresh Fire Eye,1663,129,1,5000,8623,5,0,0,-1
Mushlump,1664,129,1,6000,8624,6,0,0,-1
Death Speaker Blackthorn,1665,129,1,7000,8625,7,0,0,-1
Amnennar the Coldbringer,1666,129,1,8000,8626,8,0,0,-1
Ghamoo-ra,1667,48,1,-500,4617,4,4,0,-1
Domina,1668,48,1,500,8615,8,4,0,-1
Subjugator Kor'ul,1669,48,1,750,8614,9,4,0,-1
Executioner Gore,1670,48,1,875,4623,10,4,0,-1
Twilight Lord Bathiel,1671,48,1,937,4623,11,4,0,-1
Aku'mai,1672,48,1,968,4624,12,4,0,-1
Thruk,1675,48,1,812,8653,0,4,0,-1
Guardian of the Deep,1676,48,1,843,8655,1,4,0,-1
Sadana Bloodfury,1677,1176,0,0,8661,0,4,0,-1
"Azzakel, Vanguard of the Legion",1678,1182,0,0,8665,0,4,0,-1
Bonemaw,1679,1176,0,1000,8678,1,4,0,-1
Ner'zhul,1682,1176,0,2000,8691,2,4,0,-1
Soulbinder Nyami,1685,1182,0,-1000,8667,1,4,0,-1
Vigilant Kaathar,1686,1182,0,-2000,8669,2,4,0,-1
Nhallish,1688,1176,0,500,8705,3,4,0,-1
Flamebender Ka'graz,1689,1205,0,3250,8720,0,6,0,-1
Blast Furnace,1690,1205,0,3812,8724,1,6,0,-1
Gruul,1691,1205,0,-1000,8731,2,6,236412,-1
Operator Thogar,1692,1205,0,3750,8733,3,6,0,-1
Hans'gar & Franzok,1693,1205,0,3000,8738,4,6,0,-1
Beastlord Darmac,1694,1205,0,3125,8746,5,6,1004898,-1
The Iron Maidens,1695,1205,0,4000,8755,6,6,0,-1
Oregorger the Devourer,1696,1205,0,-2000,8761,7,6,1003743,-1
Ranjit,1698,1209,0,0,8770,0,4,0,-1
Araknath,1699,1209,0,1000,8771,1,4,0,-1
Rukhran,1700,1209,0,2000,8772,2,4,0,-1
High Sage Viryx,1701,1209,0,3000,8773,3,4,0,-1
Blackhand,1704,1205,0,5000,8874,8,7,0,-1
Imperator Mar'gok,1705,1228,0,0,8800,0,7,1030796,-1
The Butcher,1706,1228,0,-1000,8806,1,6,1006454,-1
"Kromog, Legend of the Mountain",1713,1205,0,3875,8831,9,6,0,-1
Teron'gor,1714,1182,0,1000,8843,3,4,0,-1
Rocketspark and Borka,1715,1208,0,0,8848,0,4,0,-1
Twin Ogron,1719,1228,0,-500,8866,2,6,1019377,-1
Brackenspore,1720,1228,0,-625,8884,3,6,1019378,-1
Kargath Bladefist,1721,1228,0,-2000,8903,4,6,1005701,-1
"Tectus, The Living Mountain",1722,1228,0,-562,8923,5,6,1006111,-1
Ko'ragh,1723,1228,0,-250,8930,6,6,841221,-1
Nitrogg Thundertower,1732,1208,0,1000,8948,1,4,0,-1
Skylord Tovra,1736,1208,0,2000,9038,2,4,0,-1
Ashran,1745,1191,0,0,0,0,16,0,-1
Witherbark,1746,1279,0,0,9175,0,4,0,-1
Ken's Test Encounter [DNT],1747,605,0,0,0,0,0,0,-1
Grimrail Enforcers,1748,1195,0,0,9219,0,4,0,-1
Fleshrender Nok'gar,1749,1195,0,-1000,9233,1,4,0,-1
Oshir,1750,1195,0,1000,9235,2,4,0,-1
Archmage Sol,1751,1279,0,1000,9297,1,4,0,-1
Xeri'tac,1752,1279,0,2000,9298,2,4,0,-1
"Skulloc, Son of Gruul",1754,1195,0,2000,9341,3,4,0,-1
"Rukhmar, Sun-God of the Arakkoa",1755,1116,0,0,0,0,8,0,-1
Yalnu,1756,1279,0,3000,9354,3,4,0,-1
Ancient Protectors,1757,1279,0,500,9356,4,4,0,-1
Kyrak,1758,1358,0,0,9020,0,4,0,-1
Commander Tharbek,1759,1358,0,1000,9060,1,4,0,-1
Ragewing the Untamed,1760,1358,0,2000,8703,2,4,0,-1
Orebender Gor'ashan,1761,1358,0,-1000,8699,3,4,0,-1
Warlord Zaela,1762,1358,0,3000,9373,4,4,0,-1
Tarlna the Ageless,1770,1116,0,1000,0,1,8,0,-1
Fel Lord Zakuun,1777,1448,0,2250,10004,0,6,1113433,-1
Hellfire Assault,1778,1448,0,-1000,10010,1,6,0,-1
Gorefiend,1783,1448,0,1000,10039,2,6,1113437,-1
Tyrant Velhari,1784,1448,0,4500,10041,3,6,1113430,-1
Iron Reaver,1785,1448,0,-500,10043,4,6,0,-1
Kilrogg Deadeye,1786,1448,0,-250,10048,5,6,970886,-1
Kormrok,1787,1448,0,-375,10051,6,6,1113434,-1
Shadow-Lord Iskar,1788,1448,0,1500,10060,7,6,0,-1
Rokmora,1790,1458,0,0,10092,0,4,0,-1
Ularogg Cragshaper,1791,1458,0,500,10094,1,4,0,-1
Naraxas,1792,1458,0,750,10097,2,4,0,-1
Dargrul the Underking,1793,1458,0,875,10099,3,4,0,-1
Socrethar the Eternal,1794,1448,0,1875,10101,8,6,1113441,-1
Mannoroth,1795,1448,0,5000,10141,9,6,1113439,-1
Hellfire High Council,1798,1448,0,-312,10177,10,6,970886,-1
Archimonde,1799,1448,0,6000,10179,11,7,1113431,-1
Xhul'horac,1800,1448,0,3125,10208,12,6,1113442,-1
Supreme Lord Kazzak,1801,1116,0,2000,0,2,8,0,-1
Hymdall,1805,1477,0,0,10335,0,4,0,-1
Hyrja,1806,1477,0,1000,10365,1,0,0,-1
Fenryr,1807,1477,0,2000,10367,2,0,0,-1
God-King Skovald,1808,1477,0,3000,10369,3,0,0,-1
Odyn,1809,1477,0,4000,10371,4,4,0,-1
Warlord Parjesh,1810,1456,0,0,10382,0,4,0,-1
Lady Hatecoil,1811,1456,0,1000,10384,1,4,0,-1
King Deepbeard,1812,1456,0,2000,10388,2,4,0,-1
Serpentrix,1813,1456,0,3000,10386,3,4,0,-1
Wrath of Azshara,1814,1456,0,4000,10390,4,4,0,-1
Tirathon Saltheril,1815,1493,0,0,10392,0,4,0,-1
Ash'Golm,1816,1493,0,1000,10397,1,4,0,-1
Glazer,1817,1493,0,2000,10398,2,4,0,-1
Cordana Felsong,1818,1493,0,3000,10401,3,4,0,-1
"Ymiron, the Fallen King",1822,1492,0,0,10479,0,4,0,-1
Harbaron,1823,1492,0,1000,10482,1,4,0,-1
Helya,1824,1492,0,2000,10484,2,4,0,-1
Corstilax,1825,1516,0,0,10562,0,4,0,-1
Nal'tira,1826,1516,0,1000,10566,1,4,0,-1
Ivanyr,1827,1516,0,2000,10563,2,4,0,-1
General Xakal,1828,1516,0,3000,10564,3,4,0,-1
Advisor Vandros,1829,1516,0,4000,10565,4,4,0,-1
Amalgam of Souls,1832,1501,0,0,10580,0,4,0,-1
Ilysanna Ravencrest,1833,1501,0,1000,10582,1,4,0,-1
Smashspite the Hateful,1834,1501,0,2000,10584,2,4,0,-1
Lord Kur'talos Ravencrest,1835,1501,0,3000,10586,3,4,0,-1
Archdruid Glaidalis,1836,1466,0,0,10381,0,0,0,-1
Oakheart,1837,1466,0,1000,10592,1,0,0,-1
Dresaron,1838,1466,0,2000,10593,2,0,0,-1
Shade of Xavius,1839,1466,0,3000,10594,3,0,0,-1
Ursoc,1841,1520,0,0,10640,0,6,1413870,-1
Krosus,1842,1530,0,1875,10668,0,6,0,-1
Shivermaw,1845,1544,0,0,10707,0,4,0,-1
Mindflayer Kaahrj,1846,1544,0,1000,10713,1,4,0,-1
Millificent Manastorm,1847,1544,0,2000,10718,2,4,0,-1
Festerface,1848,1544,0,3000,10721,3,4,0,-1
Skorpyron,1849,1530,0,-1000,10728,1,6,0,-1
Inquisitor Tormentorum,1850,1493,0,500,10730,4,4,0,-1
Sael'orn,1851,1544,0,4000,10737,4,4,0,-1
Anub'esset,1852,1544,0,5000,10742,5,4,0,-1
Nythendra,1853,1520,0,-1000,10758,1,6,1413869,-1
Dragons of Nightmare,1854,1520,0,2000,10762,2,6,1413866,-1
Blood-Princess Thal'ena,1855,1544,0,6000,10767,6,4,0,-1
Fel Lord Betrug,1856,1544,0,7000,10771,7,4,0,-1
Tichondrius,1862,1530,0,1000,10906,2,6,0,-1
Star Augur Etraeus,1863,1530,0,2000,11101,3,6,0,-1
Xavius,1864,1520,0,6000,10922,3,7,1413871,-1
Chronomatic Anomaly,1865,1530,0,-500,10953,4,6,0,-1
Gul'dan,1866,1530,0,3000,11037,5,6,0,-1
Trilliax,1867,1530,0,-250,11083,6,6,0,-1
Patrol Captain Gerdo,1868,1571,0,0,11089,0,4,0,-1
Talixae Flamewreath,1869,1571,0,1000,11091,1,4,0,-1
Advisor Melandrus,1870,1571,0,2000,11093,2,4,0,-1
Spellblade Aluriel,1871,1530,0,-125,11377,7,6,0,-1
Grand Magistrix Elisande,1872,1530,0,2500,11442,8,6,0,-1
"Il'gynoth, The Heart of Corruption",1873,1520,0,1500,11476,4,6,1413868,-1
Raid Boss Dummy (5min),1874,1457,0,0,0,0,0,0,-1
Raid Boss Dummy (10min),1875,1457,0,1000,0,1,0,0,-1
Elerethe Renferal,1876,1520,0,4000,11502,5,6,1413867,-1
Cenarius,1877,1520,0,5000,11498,6,6,1413865,-1
The Soultakers,1879,1220,0,0,0,0,8,0,-1
Nithogg,1880,1220,0,1000,0,1,8,0,-1
Echo of Baine,1881,938,0,1000,6072,0,4,0,-1
Echo of Sylvanas,1882,938,0,5000,6072,3,4,0,-1
Echo of Jaina,1883,938,0,6000,6073,2,4,0,-1
Echo of Tyrande,1884,938,0,7000,6073,5,4,0,-1
Postmaster Malown,1885,329,1,13000,4725,13,4,0,-1
High Botanist Tel'arn,1886,1530,0,1750,11887,9,6,0,-1
Obsidian Sentinel,1887,70,1,8000,4761,3,4,0,-1
Shar'thos,1888,1220,0,2000,0,2,8,0,-1
Exarch Maladaar,1889,558,0,0,2702,0,4,0,-1
Shirrak the Dead Watcher,1890,558,0,1000,4603,1,4,0,-1
Omor the Unscarred,1891,543,0,0,4699,0,4,0,-1
Vazruden the Herald,1892,543,0,1000,4700,1,4,0,-1
Watchkeeper Gargolmar,1893,543,0,2000,4698,2,4,0,-1
Kael'thas Sunstrider,1894,585,0,1000,4702,0,4,0,-1
Priestess Delrissa,1895,585,0,3000,3450,1,4,0,-1
Selin Fireheart,1897,585,0,4000,3448,2,4,0,-1
Vexallus,1898,585,0,5000,3449,3,4,0,-1
Nexus-Prince Shaffar,1899,557,0,0,4606,0,4,0,-1
Pandemonius,1900,557,0,1000,4604,1,4,0,-1
Tavarok,1901,557,0,2000,4605,2,4,0,-1
Talon King Ikiss,1902,556,0,0,2818,0,4,0,-1
Darkweaver Syth,1903,556,0,1000,4608,1,4,0,-1
Anzu,1904,556,0,2000,3022,2,4,0,-1
Lieutenant Drake,1905,560,0,0,4659,0,4,0,-1
Epoch Hunter,1906,560,0,1000,4660,1,4,0,-1
Captain Skarloc,1907,560,0,2000,2711,2,4,0,-1
Ambassador Hellmaw,1908,555,0,0,4609,0,4,0,-1
Blackheart the Inciter,1909,555,0,1000,2802,1,4,0,-1
Murmur,1910,555,0,2000,4610,2,4,0,-1
Grandmaster Vorpil,1911,555,0,3000,2803,3,4,0,-1
Dalliah the Doomsayer,1913,552,0,0,4742,0,4,0,-1
Harbinger Skyriss,1914,552,0,1000,4744,1,4,0,-1
Wrath-Scryer Soccothrates,1915,552,0,2000,4743,2,4,0,-1
Zereketh the Unbound,1916,552,0,3000,4741,3,4,0,-1
Humongris,1917,1220,0,3000,0,3,8,0,-1
Timed Damage Dummy,1918,1148,0,0,0,0,0,0,-1
Aeonus,1919,269,0,0,2819,0,4,0,-1
Chrono Lord Deja,1920,269,0,1000,2820,1,4,0,-1
Temporus,1921,269,0,2000,2821,2,4,0,-1
The Maker,1922,542,0,0,2400,0,4,0,-1
Keli'dan the Breaker,1923,542,0,1000,2403,1,4,0,-1
Broggok,1924,542,0,2000,4854,2,4,0,-1
Commander Sarannis,1925,553,0,0,4745,0,4,0,-1
High Botanist Freywinn,1926,553,0,1000,4746,1,4,0,-1
Laj,1927,553,0,2000,4748,2,4,0,-1
Thorngrin the Tender,1928,553,0,3000,4747,3,4,0,-1
Warp Splinter,1929,553,0,4000,4749,4,4,0,-1
Nethermancer Sepethrea,1930,554,0,0,4751,0,4,0,-1
Pathaleon the Calculator,1931,554,0,1000,4752,1,4,0,-1
Mechano-Lord Capacitus,1932,554,0,2000,4750,2,4,0,-1
Gatewatcher Gyro-Kill,1933,554,0,3000,12051,3,4,0,-1
Gatewatcher Iron-Hand,1934,554,0,4000,12053,4,4,0,-1
Blood Guard Porung,1935,540,0,0,4701,0,4,0,-1
Grand Warlock Nethekurse,1936,540,0,1000,2804,1,4,0,-1
Warbringer O'mrogg,1937,540,0,2000,2844,2,4,0,-1
Warchief Kargath Bladefist,1938,540,0,3000,2907,3,4,0,-1
Mennu the Betrayer,1939,547,0,0,4661,0,4,0,-1
Quagmirran,1940,547,0,1000,2532,1,4,0,-1
Rokmar the Crackler,1941,547,0,2000,4662,2,4,0,-1
Hydromancer Thespia,1942,545,0,0,4663,0,4,0,-1
Mekgineer Steamrigger,1943,545,0,1000,4664,1,4,0,-1
Warlord Kalithresh,1944,545,0,2000,4665,2,4,0,-1
Ghaz'an,1945,546,0,0,4667,0,4,0,-1
Hungarfen,1946,546,0,1000,4666,1,4,0,-1
Swamplord Musel'ek,1947,546,0,2000,2448,2,4,0,-1
The Black Stalker,1948,546,0,3000,4668,3,4,0,-1
Drugon the Frostblood,1949,1220,0,8000,0,4,8,0,-1
Na'zak the Fiend,1950,1220,0,4000,0,5,8,0,-1
Flotsam,1951,1220,0,5000,0,6,8,0,-1
Calamir,1952,1220,0,6000,0,7,8,0,-1
Levantus,1953,1220,0,7000,0,8,8,0,-1
Maiden of Virtue,1954,1651,0,-1000,12521,0,4,0,-1
Opera Hall,1957,1651,0,-3000,12534,1,4,0,-1
Odyn,1958,1648,0,-2000,12546,0,6,0,-1
Mana Devourer,1959,1651,0,7000,12548,2,4,0,-1
Attumen the Huntsman,1960,1651,0,-250,12542,3,4,0,-1
Moroes,1961,1651,0,-500,12554,4,4,0,-1
Guarm,1962,1648,0,-1000,12556,1,6,0,-1
The Curator,1964,1651,0,0,12560,5,4,0,-1
Shade of Medivh,1965,1651,0,6000,12566,8,4,0,-1
Prince Taldaram,1966,619,0,0,3870,0,4,0,-1
Jedoga Shadowseeker,1967,619,0,1000,4612,1,4,0,-1
Herald Volazj,1968,619,0,5000,4613,2,4,0,-1
Elder Nadox,1969,619,0,-1000,4611,3,4,0,-1
Krik'thir the Gatewatcher,1971,601,0,0,3874,0,4,0,-1
Hadronox,1972,601,0,1000,4615,1,4,0,-1
Anub'arak,1973,601,0,2000,4616,2,4,0,-1
Trollgore,1974,600,0,0,4684,0,4,0,-1
The Prophet Tharon'ja,1975,600,0,4000,4687,1,4,0,-1
Novos the Summoner,1976,600,0,2000,4685,2,4,0,-1
King Dred,1977,600,0,3000,4686,3,4,0,-1
Slad'ran,1978,604,0,0,3852,0,4,0,-1
Moorabi,1980,604,0,1000,3851,1,4,0,-1
Gal'darah,1981,604,0,4000,3850,2,4,0,-1
Drakkari Colossus,1983,604,0,500,3853,4,4,0,-1
Ionar,1984,602,0,0,3865,0,4,0,-1
Volkhan,1985,602,0,-500,3864,1,4,0,-1
Loken,1986,602,0,2000,3866,2,4,0,-1
General Bjarngrim,1987,602,0,-1000,3863,3,4,0,-1
Eck the Ferocious,1988,604,2,3500,3854,5,4,0,-1
Amanitar,1989,619,2,4500,4614,5,4,0,-1
Escaped from Arthas,1990,668,0,1000,4948,0,4,0,-1
Falric,1992,668,0,0,4897,1,4,0,-1
Marwyn,1993,668,0,500,4898,2,4,0,-1
Krystallus,1994,599,0,0,4768,0,4,0,-1
Tribunal of Ages,1995,599,0,2000,3861,1,4,0,-1
Maiden of Grief,1996,599,0,1000,4769,2,4,0,-1
Sjonnir the Ironshaper,1998,599,0,5000,4770,3,4,0,-1
Forgemaster Garfrost,1999,658,0,0,4852,0,4,0,-1
Scourgelord Tyrannus,2000,658,0,1000,4861,1,4,0,-1
Krick,2001,658,0,500,4860,2,4,0,-1
Meathook,2002,595,0,0,4688,0,4,0,-1
Chrono-Lord Epoch,2003,595,0,1000,4690,1,4,0,-1
Salram the Fleshcrafter,2004,595,0,2000,4689,2,4,0,-1
Mal'ganis,2005,595,0,3000,4691,3,4,0,-1
Bronjahm,2006,632,0,0,4859,0,4,0,-1
Devourer of Souls,2007,632,0,1000,4424,1,4,0,-1
Helya,2008,1648,0,0,12597,2,6,0,-1
Anomalus,2009,576,0,0,3692,0,4,0,-1
Grand Magus Telestra,2010,576,0,1000,3691,1,4,0,-1
Keristrasza,2011,576,0,2000,3694,2,4,0,-1
Ormorok the Tree-Shaper,2012,576,0,3000,3693,3,4,0,-1
Ley-Guardian Eregos,2013,578,0,0,3873,0,4,0,-1
Mage-Lord Urom,2014,578,0,1000,3872,1,4,0,-1
Varos Cloudstrider,2015,578,0,2000,3871,2,4,0,-1
Drakos the Interrogator,2016,578,0,3000,3869,3,4,0,-1
Viz'aduum the Watcher,2017,1651,0,8000,12613,6,4,0,-1
Second Prisoner,2018,608,0,0,3833,0,4,0,-1
First Prisoner,2019,608,0,1000,3828,1,4,0,-1
Cyanigosa,2020,608,0,2000,3836,2,4,0,-1
The Black Knight,2021,650,0,3000,4363,0,4,0,-1
Grand Champions,2022,650,0,-1000,4361,1,4,0,-1
Argent Champion,2023,650,0,2000,4362,2,4,0,-1
Skarvold & Dalronn,2024,574,0,0,4772,0,4,0,-1
Ingvar the Plunderer,2025,574,0,1000,4771,1,4,0,-1
Prince Keleseth,2026,574,0,-1000,4773,2,4,0,-1
Gortok Palehoof,2027,575,0,0,4775,0,4,0,-1
King Ymiron,2028,575,0,1000,3808,1,4,0,-1
Skadi the Ruthless,2029,575,0,500,3809,2,4,0,-1
Svala Sorrowgrave,2030,575,0,-1000,4774,3,4,0,-1
Nightbane,2031,1651,0,9000,12670,7,68,0,-1
Goroth,2032,1676,0,0,12773,0,6,0,-1
Harjatan,2036,1676,0,1000,12815,1,6,0,-1
Mistress Sassz'ine,2037,1676,0,2000,12861,2,6,236422,-1
Fallen Avatar,2038,1676,0,3000,12863,3,6,1546417,-1
Mephistroth,2039,1677,0,0,12865,0,4,0,-1
Demonic Inquisition,2048,1676,0,500,12996,4,6,0,-1
Primal Rage of Frost,2049,1689,0,0,13019,0,8,893779,-1
Sisters of the Moon,2050,1676,0,1500,13026,5,6,0,-1
Kil'jaeden,2051,1676,0,5000,12967,6,6,0,-1
Maiden of Vigilance,2052,1676,0,2875,13123,7,6,0,-1
Domatrax,2053,1677,0,1000,13131,1,4,0,-1
The Desolate Host,2054,1676,0,2500,13139,8,6,1546416,-1
Agronox,2055,1677,0,-1000,13121,2,4,0,-1
Thrashbite the Scornful,2057,1677,0,-500,13122,3,4,0,-1
Fury of the God Queen,2059,1703,0,0,0,0,64,0,-1
Aggramar,2063,1712,0,3000,13507,0,6,0,-1
Portal Keeper Hasabel,2064,1712,0,-1000,13517,1,6,0,-1
Zuraal the Ascended,2065,1753,0,0,13543,0,4,0,-1
Saprish,2066,1753,0,1000,13547,1,4,0,-1
Viceroy Nezhar,2067,1753,0,2000,13551,2,4,0,-1
L'ura,2068,1753,0,3000,13534,3,4,0,-1
Varimathras,2069,1712,0,1750,13536,2,6,0,-1
Antoran High Command,2070,1712,0,-500,13553,3,6,0,-1
The Coven of Shivarra,2073,1712,0,2000,13593,4,6,0,-1
Felhounds of Sargeras,2074,1712,0,-2000,13560,5,6,0,-1
The Defense of Eonar,2075,1712,0,-250,13565,6,6,0,-1
Garothi Worldbreaker,2076,1712,0,-3000,13571,7,6,0,-1
Keeper Aedis,2079,1669,0,0,0,0,8,0,-1
Void-Blade Zedaat,2080,1669,0,1000,0,1,8,0,-1
Imp Mother,2081,1669,0,2000,0,2,8,0,-1
Imonar the Soulhunter,2082,1712,0,375,13788,8,6,0,-1
Mistress Alluradel,2083,1669,0,3000,0,3,8,0,-1
Priestess Alun'za,2084,1763,0,0,13812,0,0,0,-1
Vol'kaal,2085,1763,0,1000,13814,1,0,0,-1
Rezan,2086,1763,0,2000,13816,2,0,0,-1
Yazma,2087,1763,0,3000,13818,3,4,0,-1
Kin'garoth,2088,1712,0,1500,13576,9,6,0,-1
Argus the Unmaker,2092,1712,0,4000,14017,10,7,0,-1
Skycap'n Kragg,2093,1754,0,0,14137,0,0,0,-1
Council o' Captains,2094,1754,0,1000,14139,1,4,0,-1
Ring of Booty,2095,1754,0,2000,14141,2,4,0,-1
Lord Harlan Sweete,2096,1754,0,3000,14143,3,4,0,-1
Sergeant Bainbridge,2097,1822,0,0,14405,0,4,0,-1
Chopper Redhook,2098,1822,0,1000,14403,1,0,0,-1
Hadal Darkfathom,2099,1822,0,2000,14406,2,0,0,-1
Viq'Goth,2100,1822,0,3000,14408,3,4,0,-1
The Sand Queen,2101,1771,0,0,14419,0,4,0,-1
Jes Howlis,2102,1771,0,1000,14421,1,4,0,-1
Knight Captain Valyri,2103,1771,0,2000,14423,2,4,0,-1
Overseer Korgus,2104,1771,0,3000,14425,3,4,0,-1
Coin-Operated Crowd Pummeler,2105,1594,0,0,14432,0,4,0,-1
Azerokk,2106,1594,0,1000,14435,1,4,0,-1
Rixxa Fluxfume,2107,1594,0,2000,14437,2,4,0,-1
Mogul Razdunk,2108,1594,0,3000,14439,3,4,0,-1
Dread Captain Lockwood,2109,1822,0,1500,14441,4,0,0,-1
Elder Leaxa,2111,1841,0,0,14522,0,4,0,-1
Sporecaller Zancha,2112,1841,0,1000,14554,1,4,0,-1
Heartsbane Triad,2113,1862,0,0,14549,0,4,0,-1
Soulbound Goliath,2114,1862,0,1000,14553,1,4,0,-1
Raal the Gluttonous,2115,1862,0,2000,14557,2,4,0,-1
Lord and Lady Waycrest,2116,1862,0,3000,14560,3,4,0,-1
Gorak Tul,2117,1862,0,4000,14563,4,4,0,-1
Cragmaw the Infested,2118,1841,0,500,14597,2,4,0,-1
T'zane,2121,1642,0,0,0,0,8,0,-1
G'huun,2122,1861,0,0,14696,0,6,0,-1
Unbound Abomination,2123,1841,0,2000,14694,3,4,0,-1
Adderis and Aspix,2124,1877,0,0,14715,0,4,0,-1
Merektha,2125,1877,0,1000,14718,1,4,0,-1
Galvazzt,2126,1877,0,2000,14721,2,4,0,-1
Avatar of Sethraliss,2127,1877,0,3000,14724,3,4,0,-1
Fetid Devourer,2128,1861,0,-1000,14736,1,6,0,-1
Gekkan,2129,994,0,0,6558,0,0,0,-1
Aqu'sirr,2130,1864,0,0,14861,0,4,0,-1
Tidesage Council,2131,1864,0,1000,14862,1,4,0,-1
Lord Stormsong,2132,1864,0,2000,14864,2,4,0,-1
Vol'zith the Whisperer,2133,1864,0,3000,14866,3,4,0,-1
Vectis,2134,1861,0,-500,14892,2,6,0,-1
Mythrax,2135,1861,0,-250,14894,3,6,0,-1
Zek'voz,2136,1861,0,-1500,14895,4,6,254116,-1
The Golden Serpent,2139,1762,0,0,14931,0,4,0,-1
The Council of Tribes,2140,1762,0,1000,15039,1,4,0,-1
MOTHER,2141,1861,0,-2000,15059,5,6,254116,-1
Mchimba the Embalmer,2142,1762,0,500,15062,2,4,0,-1
King Dazar,2143,1762,0,2000,15168,3,4,0,-1
Taloc,2144,1861,0,-3000,15170,6,6,254116,-1
Zul,2145,1861,0,-312,15205,7,6,0,-1
Raid Boss Dummy (30 Sec),2146,1457,0,2000,0,2,0,0,-1
Warbringer Yenajz,2147,1643,0,0,0,0,8,0,-1
Hailstone Construct,2148,1643,0,1000,0,1,8,0,-1
Ji'arak,2149,1642,0,1000,0,1,8,0,-1
The Lion's Roar,2252,529,0,0,0,0,8,0,-1
Doom's Howl,2253,529,0,1000,0,1,8,0,-1
Raid Boss Dummy (5min),2254,1457,0,3000,0,3,0,0,-1
Tussle Tonks,2257,2097,0,1750,16217,0,4,0,-1
K.U.-J.0.,2258,2097,0,1875,16219,1,4,0,-1
Machinist's Garden,2259,2097,0,2000,16221,2,4,0,-1
King Mechagon,2260,2097,0,3000,16223,3,4,0,-1
Grong,2263,2070,0,-1750,16563,1,6,0,0
Champion of the Light,2265,2070,0,-2000,16560,3,6,0,-1
Jadefire Masters,2266,2070,0,-1437,16562,4,6,0,0
Conclave of the Chosen,2268,2070,0,-1062,16310,6,6,0,-1
The Restless Cabal,2269,2096,0,0,16316,0,6,0,-1
Opulence,2271,2070,0,-1125,16433,8,6,0,-1
King Rastakhan,2272,2070,0,-1031,16475,9,7,0,-1
"Uu'nat, Harbinger of the Void",2273,2096,0,1000,16542,1,6,0,-1
Mekkatorque,2276,2070,0,-1015,16567,12,6,0,-1
Stormwall Blockade,2280,2070,0,-1007,16568,16,6,0,-1
Lady Jaina Proudmoore,2281,2070,0,-1003,16569,17,7,0,-1
Grong the Revenant,2284,2070,0,-1281,16563,0,6,0,1
Jadefire Masters,2285,2070,0,-1359,16562,2,6,0,1
Blackwater Behemoth,2289,2164,0,0,17142,0,4,0,-1
King Gobbamak,2290,2097,0,-1000,17145,4,4,0,-1
HK-8 Aerial Oppression Unit,2291,2097,0,1500,17161,5,4,0,-1
Gunker,2292,2097,0,-500,17163,6,4,0,-1
Za'qul,2293,2164,0,1000,17182,1,6,0,-1
Abyssal Commander Sivara,2298,2164,0,-1000,17305,2,4,0,-1
Queen Azshara,2299,2164,0,2000,17306,3,5,0,-1
Orgozoa,2303,2164,0,750,17342,4,4,0,-1
Lady Ashvane,2304,2164,0,500,17371,5,6,0,-1
Radiance of Azshara,2305,2164,0,-250,17399,6,4,0,-1
The Queen's Court,2311,2164,0,875,17451,7,4,0,-1
Trixie & Naeno,2312,2097,0,500,17680,7,4,0,-1
"Ulmath, the Soulbinder",2317,1718,0,0,0,0,0,0,-1
Wekemara,2318,1718,0,1000,0,1,0,0,-1
Memories of Azeroth: Burning Crusade,2319,2235,0,0,18048,0,4,0,-1
Memories of Azeroth: Cataclysm,2320,2235,0,1000,18047,1,4,0,-1
Memories of Azeroth: Wrath of the Lich King,2321,2235,0,500,18046,2,4,0,-1
Tunk,2325,2236,0,-1000,18064,0,0,0,-1
Ravnyr,2326,2236,0,0,18066,1,0,0,-1
Maut,2327,2217,0,0,18071,0,6,0,-1
Dark Inquisitor Xanesh,2328,2217,0,1000,18073,1,6,0,-1
Wrathion,2329,2217,0,-1000,18083,2,6,0,-1
Ra-den the Despoiled,2331,2217,0,5000,18085,3,6,0,-1
Thrall the Corrupted,2332,2212,0,0,18015,0,0,0,-1
The Hivemind,2333,2217,0,3000,18117,4,6,0,-1
Prophet Skitra,2334,2217,0,-500,18116,5,6,0,-1
Shad'har the Insatiable,2335,2217,0,5500,18123,6,4,0,-1
Vexiona,2336,2217,0,2000,18130,7,6,0,-1
Carapace of N'Zoth,2337,2217,0,6000,18147,8,6,0,-1
Alleria Windrunner,2338,2213,0,0,18015,0,0,0,-1
Drest'agath,2343,2217,0,5750,18179,9,6,0,-1
N'Zoth the Corruptor,2344,2217,0,7000,18211,10,4,0,-1
"Il'gynoth, Corruption Reborn",2345,2217,0,5875,18224,11,6,0,-1
Grand Empress Shek'zara,2351,870,0,4000,0,4,0,0,-1
Tashara,2352,870,0,5000,0,5,0,0,-1
Vuk'laz the Earthbreaker,2353,1,0,0,0,0,8,0,-1
Ventunax,2356,2285,0,1500,18606,0,4,0,-1
Kin-Tara,2357,2285,0,1000,18607,1,4,0,-1
Oryphrion,2358,2285,0,2000,18608,2,4,0,-1
"Devos, Paragon of Loyalty",2359,2285,0,3000,18609,3,4,0,-1
Kryxis the Voracious,2360,2284,0,0,18629,0,4,0,-1
Executor Tarvold,2361,2284,0,1000,18628,1,4,0,-1
Grand Proctor Beryllia,2362,2284,0,2000,18627,2,4,0,-1
General Kaal,2363,2284,0,3000,18630,3,4,0,-1
Kul'tharok,2364,2293,0,0,18652,0,4,0,-1
Gorechop,2365,2293,0,1000,18654,1,4,0,-1
Xav the Unfallen,2366,2293,0,2000,18656,2,4,0,-1
Rexxar,2370,2212,0,5000,18699,1,64,0,-1
Inquisitor Gnshal,2371,2212,0,2000,18704,2,64,0,-1
Oblivion Elemental,2372,2212,0,3000,18705,3,64,0,-1
Vez'okk the Lightless,2373,2212,0,4000,18706,4,64,0,-1
Therum Deepforge,2374,2213,0,1000,18707,1,64,0,-1
Slavemaster Ul'rok,2375,2213,0,2000,18708,2,64,0,-1
Overlord Mathias Shaw,2376,2213,0,3000,18709,3,64,0,-1
Magister Umbric,2377,2213,0,4000,18710,4,64,0,-1
Echelon,2380,2287,0,0,18773,0,4,0,-1
Lord Chamberlain,2381,2287,0,1000,18775,1,4,0,-1
Globgrog,2382,2289,0,0,18778,0,4,0,-1
Hungering Destroyer,2383,2296,0,0,18780,0,6,0,-1
Doctor Ickus,2384,2289,0,1000,18781,1,4,0,-1
Domina Venomblade,2385,2289,0,2000,18783,2,4,0,-1
Stradama Margrave,2386,2289,0,3000,18785,3,4,0,-1
Blightbone,2387,2286,0,0,18788,0,4,0,-1
"Amarth, The Harvester",2388,2286,0,1000,18789,1,4,0,-1
Surgeon Stitchflesh,2389,2286,0,2000,18794,2,4,0,-1
Nalthor the Rimebinder,2390,2286,0,3000,18790,3,4,0,-1
An Affront of Challengers,2391,2293,0,-1000,18802,3,4,0,-1
Mistcaller,2392,2290,0,0,18805,0,4,0,-1
Tred'ova,2393,2290,0,1000,18808,1,4,0,-1
The Manastorms,2394,2291,0,0,18812,0,4,0,-1
"Hakkar, the Soulflayer",2395,2291,0,-1000,18815,1,4,0,-1
Mueh'zala,2396,2291,0,1000,18817,2,4,0,-1
Ingra Maloch,2397,2290,0,-1000,18819,2,4,0,-1
Shriekwing,2398,2296,0,-1000,19396,1,6,0,-1
Sludgefist,2399,2296,0,3000,19415,2,6,0,-1
Dealer Xy'exa,2400,2291,0,500,18824,3,4,0,-1
"Halkias, the Sin-Stained Goliath",2401,2287,0,-1000,18810,2,4,0,-1
Sun King's Salvation,2402,2296,0,-250,19029,3,6,0,-1
High Adjudicator Aleez,2403,2287,0,500,19047,3,4,0,-1
Mordretha,2404,2293,0,3000,19056,4,4,0,-1
Artificer Xy'mox,2405,2296,0,2000,19146,4,6,0,-1
Lady Inerva Darkvein,2406,2296,0,2250,19158,5,6,0,-1
Sire Denathrius,2407,2296,0,4000,19208,6,7,0,-1
Nurgash Muckformed,2408,2222,0,0,0,0,0,0,-1
Oranomonos the Everbranching,2409,2222,0,1000,0,1,0,0,-1
Mortanis,2410,2222,0,2000,0,2,0,0,-1
Valinor,2411,2222,0,3000,0,3,0,0,-1
The Council of Blood,2412,2296,0,2500,19279,7,6,0,-1
Ember Court,2415,2360,0,0,19342,0,64,0,-1
Nathanos Blightcaller,2416,0,0,0,0,0,0,0,-1
Stone Legion Generals,2417,2296,0,3500,19388,8,6,0,-1
Huntsman Altimor,2418,2296,0,-500,19410,9,6,0,-1
Timecap'n Hooktail,2419,2441,0,0,20228,0,0,0,-1
Kel'Thuzad,2422,2450,0,6500,20232,0,6,0,-1
The Tarragrue,2423,2450,0,-1000,20242,1,6,0,-1
Mailroom Mayhem,2424,2441,0,-1000,20256,1,0,0,-1
Zo'phex the Sentinel,2425,2441,0,-2000,20260,2,0,0,-1
Hylbrande,2426,2441,0,-500,20264,3,0,0,-1
The Nine,2429,2450,0,1000,20449,2,6,0,-1
Painsmith Raznal,2430,2450,0,6062,20366,3,6,0,-1
Fatescribe Roh-Kalo,2431,2450,0,6250,20456,4,6,0,-1
Remnant of Ner'zhul,2432,2450,0,1750,20439,5,6,0,-1
The Eye of the Jailer,2433,2450,0,0,20360,6,262,0,-1
Soulrender Dormazain,2434,2450,0,1375,20451,7,6,0,-1
Sylvanas Windrunner,2435,2450,0,7000,20347,8,7,0,-1
Guardian of the First Ones,2436,2450,0,6125,20268,9,6,0,-1
So'azmi,2437,2441,0,-562,20275,4,0,0,-1
Myza's Oasis,2440,2441,0,-750,20353,5,4,0,-1
The Grand Menagerie,2441,2441,0,-1500,20362,6,0,0,-1
So'leah,2442,2441,0,1000,20538,7,0,0,-1
Test Chest,2494,2162,0,0,20700,0,64,0,-1
9.1 Desmotaeron - World Boss,2495,2456,0,0,0,0,0,3731616,-1
"Mor'geth, Tormentor of the Damned",2496,2222,0,4000,0,4,0,3731616,-1
Vigilant Guardian,2512,2481,0,0,21151,0,6,0,-1
Halondrus the Reclaimer,2529,2481,0,1750,21229,1,6,0,-1
The Jailer,2537,2481,0,2000,21176,2,6,0,-1
"Lihuvim, Principal Architect",2539,2481,0,1812,21182,3,6,0,-1
"Dausegne, the Fallen Oracle",2540,2481,0,500,21213,4,6,0,-1
"Skolex, the Insatiable Ravener",2542,2481,0,1500,21218,5,6,0,-1
Lords of Dread,2543,2481,0,1875,21220,6,6,0,-1
Prototype Pantheon,2544,2481,0,1250,21225,7,6,0,-1
Anduin Wrynn,2546,2481,0,1843,21242,8,6,0,-1
Rygelon,2549,2481,0,1968,21268,9,4,0,-1
Antros,2550,2222,0,5000,0,5,0,3052064,-1
Artificer Xy'mox,2553,2481,0,875,21338,10,6,0,-1
The Lost Dwarves,2555,2451,0,0,21495,0,4,0,-1
Bromach,2556,2451,0,1000,21497,1,4,0,-1
Sentinel Talondras,2557,2451,0,2000,21499,2,4,0,-1
Emberon,2558,2451,0,3000,21633,3,4,0,-1
Chrono-Lord Deios,2559,2451,0,4000,21503,4,4,0,-1
Vexamus,2562,2526,0,0,21592,0,4,0,-1
Overgrown Ancient,2563,2526,0,1000,21593,1,4,0,-1
Crawth,2564,2526,0,2000,21594,2,4,0,-1
Echo of Doragosa,2565,2526,0,3000,21595,3,4,0,-1
Gutshot,2567,2520,0,0,21636,0,4,0,-1
Treemouth,2568,2520,0,-1000,21638,1,4,0,-1
Decatriarch Wratheye,2569,2520,0,1000,21640,2,4,0,-1
Hackclaw's War-Band,2570,2520,0,-2000,21642,3,4,0,-1
Balakar Khan,2580,2516,0,0,21903,0,4,0,-1
Teera and Maruuk,2581,2516,0,-1000,21901,1,4,0,-1
Leymor,2582,2515,0,0,21670,0,4,0,-1
Telash Greywing,2583,2515,0,3000,21674,1,4,0,-1
Umbrelskul,2584,2515,0,2000,21676,2,4,0,-1
Azureblade,2585,2515,0,500,21677,3,4,0,-1
Eranog,2587,2522,0,0,21720,0,6,0,-1
The Primal Council,2590,2522,0,1000,21742,1,6,0,-1
"Sennarth, The Cold Breath",2592,2522,0,2000,21747,2,6,0,-1
Kurog Grimtotem,2605,2522,0,3000,21762,3,6,0,-1
Kokia Blazehoof,2606,2521,0,0,21835,0,4,0,-1
Raszageth the Storm-Eater,2607,2522,0,4000,21854,4,4,0,-1
Melidrussa Chillworn,2609,2521,0,-1000,21897,1,4,0,-1
Magmatusk,2610,2519,0,0,21909,0,6,0,-1
Warlord Sargha,2611,2519,0,1000,21913,1,6,0,-1
Forgemaster Gorek,2612,2519,0,-1000,21914,2,4,0,-1
"Chargath, Bane of Scales",2613,2519,0,-2000,21917,3,4,0,-1
Broodkeeper Diurna,2614,2522,0,3500,21927,5,6,0,-1
Watcher Irideus,2615,2527,0,0,21929,0,4,0,-1
Gulping Goliath,2616,2527,0,1000,21931,1,4,0,-1
Khajin the Unyielding,2617,2527,0,2000,21933,2,4,0,-1
Primal Tsunami,2618,2527,0,3000,21935,3,4,0,-1
Kyrakka and Erkhart Stormvein,2623,2521,0,1000,21947,2,4,0,-1
"Dathea, Ascended",2635,2522,0,1500,22026,6,6,0,-1
The Raging Tempest,2636,2516,0,-2000,22116,2,6,0,-1
Granyth,2637,2516,0,-3000,22358,3,4,0,-1
Terros,2639,2522,0,1750,22094,7,6,0,-1
Basrikron,2640,2574,0,0,0,0,4,0,-1
Strunraan,2651,2574,0,1000,0,1,4,0,-1
Liskanoth,2652,2574,0,2000,0,2,4,0,-1
Bazual,2653,2574,0,1500,0,3,4,0,-1
Chronikar,2666,2579,0,0,22901,0,4,0,-1
Manifested Timeways,2667,2579,0,1000,22903,1,4,0,-1
Blight of Galakrond,2668,2579,0,2000,22905,2,4,0,-1
Iridikron,2669,2579,0,3000,22907,3,4,0,-1
"Tyr, the Infinite Keeper",2670,2579,0,4000,22909,4,4,0,-1
Morchie,2671,2579,0,5000,22911,5,4,0,-1
Time-Lost Battlefield,2672,2579,0,6000,22913,6,4,0,-1
Chrono-Lord Deios,2673,2579,0,7000,22915,7,4,0,-1
Fyrakk the Blazing,2677,2549,0,0,25036,0,6,0,-1
"Rashok, the Elder",2680,2569,0,0,23125,0,6,0,-1
Assault of the Zaqali,2682,2569,0,-125,23134,1,4,0,-1
Magmorax,2683,2569,0,1000,23153,2,6,0,-1
Echo of Neltharion,2684,2569,0,2000,23156,3,6,0,-1
Scalecommander Sarkareth,2685,2569,0,3000,23160,4,6,0,-1
The Amalgamation Chamber,2687,2569,0,-500,23162,5,6,0,-1
"Kazzara, the Hellforged",2688,2569,0,-2000,23168,6,6,0,-1
"The Vigilant Steward, Zskarn",2689,2569,0,500,23244,7,6,0,-1
The Forgotten Experiments,2693,2569,0,-250,23252,8,6,0,-1
The Zaqali Elders,2696,2454,172,0,0,0,4,0,-1
Dungeon DPS Test (6 min),2707,1457,0,-1000,0,4,0,0,-1
"Nymue, Weaver of the Cycle",2708,2549,0,-31,24406,1,6,0,-1
Igira the Cruel,2709,2549,0,-500,24126,2,6,0,-1
The Headless Horseman,2725,1004,0,0,24300,0,0,0,-1
Council of Dreams,2728,2549,0,-62,24338,3,6,0,-1
"Larodar, Keeper of the Flame",2731,2549,0,-125,24357,4,6,0,-1
Volcoross,2737,2549,0,-250,24432,5,6,0,-1
The Power of Temptation,2740,2653,0,0,24466,0,4,0,-1
"Tindral Sageswift, Seer of the Flame",2786,2549,0,-7,24560,6,6,0,-1
The Candle King,2787,2651,0,6000,24410,0,4,0,-1
The Darkness,2788,2651,0,7000,24893,1,4,0,-1
Light Knight,2815,1963,0,0,24610,0,4,0,-1
Kyrioss,2816,2648,0,0,24613,0,4,0,-1
Bloodmage Thalnos,2818,189,1,1000,24616,1,0,0,-1
Dimension Breaker,2819,1963,0,1000,24623,1,4,0,-1
Gnarlroot,2820,2549,0,-1000,24632,7,6,0,-1
The Devourer,2821,1963,0,2000,24636,2,4,0,-1
Smolderon,2824,2549,0,-15,24719,8,6,0,-1
Blazikon,2826,2651,0,2000,24751,2,4,0,-1
Anima-Infused Fungus,2827,1457,0,4000,24804,5,4,0,-1
Aurostor,2828,2548,0,0,0,0,4,0,-1
Ol' Waxbeard,2829,2651,0,1000,24823,3,4,0,-1
Spinshroom,2831,2664,0,1000,0,1,0,0,-1
Baron Braunpyke,2835,2649,0,0,24899,0,4,0,-1
Skardyn Monstrosity,2836,2648,0,1000,24904,1,4,0,-1
Speaker Shadowcrown,2837,2662,0,0,24913,0,4,0,-1
Anub'ikkaj,2838,2662,0,1000,24915,1,4,0,-1
Rasha'nan,2839,2662,0,2000,24917,2,4,0,-1
Captain Dailcry,2847,2649,0,-1000,25022,1,4,0,-1
Prioress Murrpray,2848,2649,0,1000,25024,2,4,0,-1
E.D.N.A.,2854,2652,0,0,25026,0,6,0,-1
Stormguard Gorren,2861,2648,0,500,25028,2,4,0,-1
Web General Ab'enar,2877,2680,0,2000,0,2,0,0,-1
Tomb-Raider Drywhisker,2878,2681,0,0,0,0,0,0,-1
The Crown Chemical Co.,2879,33,0,4000,0,5,4,0,-1
Skarmorak,2880,2652,0,1000,25193,1,4,0,-1
High Speaker Eirich,2883,2652,0,2000,25233,2,6,0,-1
Forge Speakers,2888,2652,0,1500,25238,3,4,0,-1
Waxface,2894,2683,0,0,0,0,0,0,-1
Undersea Abomination,2895,2689,0,0,0,0,0,0,-1
"Sikran, Captain of the Sureki",2898,2657,0,0,25449,0,6,0,-1
Brewmaster Aldryr,2900,2661,0,0,25573,0,4,0,-1
Ki'katal the Harvester,2901,2660,0,2000,25585,0,4,0,-1
Ulgrax the Devourer,2902,2657,0,-1000,25630,1,6,0,-1
The Coaglamation,2905,2669,0,250,25658,0,4,0,-1
Anub'zekt,2906,2660,0,1000,25668,1,4,0,-1
Orator Krix'vizk,2907,2669,0,-1000,25674,1,4,0,-1
Fangs of the Queen,2908,2669,0,-500,25678,2,4,0,-1
"Izo, the Grand Splicer",2909,2669,0,1000,25675,3,4,0,-1
The Bloodbound Horror,2917,2657,0,-500,25695,2,6,0,-1
Rasha'nan,2918,2657,0,1000,25697,3,6,0,-1
Broodtwister Ovi'nax,2919,2657,0,2000,25699,4,6,0,-1
Nexus-Princess Ky'veza,2920,2657,0,3000,25701,5,6,0,-1
The Silken Court,2921,2657,0,4000,25703,6,6,0,-1
Queen Ansurek,2922,2657,0,5000,25705,7,6,0,-1
Avanoxx,2926,2660,0,0,25728,2,4,0,-1
I'pa,2929,2661,0,750,25739,1,4,0,-1
Goldie Baronbottom,2930,2661,0,2000,25751,2,4,0,-1
Benk Buzzbee,2931,2661,0,1500,25769,3,4,0,-1
Nerl'athekk the Skulking,2946,2685,0,0,0,0,0,0,-1
Speaker Xanventh,2947,2685,0,1000,0,1,0,0,-1
Cave Giant Boss,2948,2685,0,2000,0,2,0,0,-1
Nerl'athekk the Skulking,2949,2685,0,3000,0,3,0,0,-1
Bogpiper,2960,2679,0,3000,0,0,0,0,-1
Orta,2984,2601,0,3000,0,0,4,0,-1
Zekvir,2985,2682,0,0,0,0,0,0,-1
Zekvir,2987,2682,0,1000,0,1,0,0,-1
Aggregation of Horrors,2988,2601,0,1000,0,1,4,0,-1
Under-Lord Vik'tis,2989,2684,0,0,0,0,0,0,-1
Overseer Kaskel,2990,2688,0,0,0,0,0,0,-1
Researcher Ven'kex,2991,2690,0,0,0,0,0,0,-1
Researcher Xik'vik,2992,2690,0,1000,0,1,0,0,-1
Crazed Abomination,2993,2690,0,2000,0,2,0,0,-1
Shurrai,2994,2601,0,2000,0,2,4,0,-1
"Kordac, the Dormant Protector",2997,2601,0,4000,0,3,4,0,-1
Reformed Fury,2998,2686,0,0,0,0,0,0,-1
Mirror Master Murkna,2999,2687,0,0,0,0,0,0,-1
Bloated Drowner,3000,2687,0,1000,0,1,0,0,-1
Cragpie,3001,2687,0,2000,0,2,0,0,-1
Leviathan Caller,3002,2687,0,3000,0,3,0,0,-1
Evolved Nerubian Leaders,3004,2689,0,1000,0,1,0,0,-1
Maklin Drillstab,3005,2680,0,3000,0,0,0,0,-1
The Puppetmaster,3006,2688,0,1000,0,1,0,0,-1
Speaker Halven,3007,2686,0,1000,0,1,0,0,-1
Speaker Pelzeth,3008,2686,0,2000,0,2,0,0,-1
Cult Leaders,3050,2686,0,3000,0,3,0,0,-1
